clip_id,hand_side,object,n_frames,pct_any_tip_inside,pct_3plus_tips_inside,max_tip_depth_mm,mean_tip_depth_when_inside_mm,longest_tip_penetration_streak,pct_any_lm_inside,max_lm_depth_mm,mean_n_lm_inside
hocap__subject_1__20231025_165502__seg00,left,g18_1,166,68.07228915662651,58.43373493975904,29.866377578637174,12.975102830667177,111,68.07228915662651,34.23797793790339,5.433628318584071
hocap__subject_1__20231025_165502__seg01,left,g18_2,184,41.84782608695652,17.391304347826086,9.86777784887425,3.7787360147880813,77,41.84782608695652,9.86777784887425,2.3896103896103895
hocap__subject_1__20231025_165502__seg02,left,g18_4,210,45.23809523809524,35.23809523809524,28.126245075604967,11.721826290608673,95,45.23809523809524,28.126245075604967,4.978947368421053
hocap__subject_1__20231025_165502__seg03,left,g18_3,183,51.36612021857923,43.169398907103826,16.9494916561516,7.1704403506822985,94,51.36612021857923,19.56676441544957,8.5
hocap__subject_1__20231025_165807__seg00,left,g15_2,158,60.12658227848101,52.53164556962025,27.925079139387293,10.479969398478772,95,60.12658227848101,27.925079139387293,4.063157894736842
hocap__subject_1__20231025_165807__seg01,left,g15_4,205,51.21951219512195,0.0,11.213869400670523,7.019042191371219,105,51.21951219512195,11.213869400670523,1.5238095238095237
hocap__subject_1__20231025_165807__seg02,left,g15_1,209,60.28708133971292,0.0,25.557540911283706,16.079025003921437,126,60.28708133971292,25.557540911283706,1.3571428571428572
hocap__subject_1__20231025_165807__seg03,left,g15_3,213,59.624413145539904,47.417840375586856,22.927010190202044,10.190499447886912,127,59.624413145539904,22.927010190202044,4.322834645669292
hocap__subject_1__20231025_170105__seg00,right,g10_2,182,61.53846153846154,21.428571428571427,12.32268178757036,5.766026313786284,112,61.53846153846154,12.32268178757036,2.6160714285714284
hocap__subject_1__20231025_170105__seg01,right,g10_3,238,5.88235294117647,0.0,3.7958285280782857,0.9594293865438844,5,19.327731092436977,3.7958285280782857,1.108695652173913
hocap__subject_1__20231025_170105__seg02,right,g10_4,229,53.7117903930131,36.24454148471616,25.282980228301,8.813308511129623,123,53.7117903930131,25.282980228301,4.7317073170731705
hocap__subject_1__20231025_170105__seg03,right,g10_1,211,63.03317535545023,40.758293838862556,19.426259131895037,7.628088799401005,133,63.03317535545023,19.426259131895037,5.015037593984962
hocap__subject_1__20231025_170231__seg00,right,g10_4,247,78.13765182186235,25.910931174089068,21.021103260975593,7.982390430545785,165,78.94736842105263,22.50426754354794,4.943589743589744
hocap__subject_1__20231025_170231__seg01,right,g10_2,316,70.25316455696202,44.303797468354425,20.87958613145419,7.1222635541028465,169,72.15189873417721,20.87958613145419,4.517543859649122
hocap__subject_1__20231025_170231__seg02,right,g10_1,331,73.41389728096676,69.78851963746223,37.08227845504713,15.241564139519886,238,74.01812688821752,37.08227845504713,8.440816326530612
hocap__subject_1__20231025_170231__seg03,right,g10_3,242,50.413223140495866,0.0,11.553463967296988,4.557300342636062,83,62.396694214876035,11.84850955612798,1.5629139072847682
hocap__subject_1__20231025_170650__seg00,right,g04_2,172,65.11627906976744,48.25581395348838,33.84224197146113,13.235585501306124,111,65.11627906976744,33.84224197146113,4.678571428571429
hocap__subject_1__20231025_170650__seg01,right,g04_3,190,46.8421052631579,0.0,10.48989092234862,4.333114107703994,54,46.8421052631579,10.48989092234862,1.0
hocap__subject_1__20231025_170650__seg02,right,g04_1,193,49.22279792746114,8.808290155440414,10.747060607065487,2.6544632369092236,95,49.22279792746114,10.747060607065487,1.936842105263158
hocap__subject_1__20231025_170650__seg03,right,g04_4,170,70.0,0.0,12.322849165159841,5.813648526939891,117,70.0,12.322849165159841,2.8907563025210083
hocap__subject_1__20231025_170959__seg00,right,g19_1,210,65.23809523809524,0.0,20.84686266005244,11.537852129488545,137,65.23809523809524,22.733532390243536,5.372262773722627
hocap__subject_1__20231025_170959__seg01,right,g19_2,254,61.023622047244096,56.2992125984252,10.658401499484839,6.499855591169375,155,61.023622047244096,10.658401499484839,3.574193548387097
hocap__subject_1__20231025_170959__seg02,right,g19_2,227,0.0,0.0,0.0,0.0,0,0.0,0.0,0.0
hocap__subject_1__20231025_170959__seg03,right,g19_4,143,0.0,0.0,0.0,0.0,0,0.0,0.0,0.0
hocap__subject_1__20231025_170959__seg04,right,g19_2,128,0.0,0.0,0.0,0.0,0,0.0,0.0,0.0
hocap__subject_1__20231025_171117__seg00,left,g19_1,231,71.86147186147186,46.75324675324675,22.40697717579917,11.047430552515735,147,74.89177489177489,22.40697717579917,6.323699421965318
hocap__subject_1__20231025_171117__seg01,left,g19_3,265,69.81132075471697,35.094339622641506,18.912600570931513,6.519814968387522,107,71.69811320754717,19.451373229485416,5.052631578947368
hocap__subject_1__20231025_171117__seg02,left,g19_2,285,19.649122807017545,9.824561403508772,10.387615274600028,5.031475395923612,36,20.701754385964914,10.387615274600028,2.9152542372881354
hocap__subject_1__20231025_171117__seg03,left,g19_4,265,27.547169811320753,0.0,12.224660834847809,7.311878659274222,30,43.0188679245283,12.224660834847809,1.6578947368421053
hocap__subject_2__20231022_200657__seg00,left,g07_4,219,42.922374429223744,0.91324200913242,15.649761242112893,6.68503723553071,62,42.922374429223744,15.649761242112893,1.351063829787234
hocap__subject_2__20231022_200657__seg00,right,g07_4,219,0.0,0.0,0.0,0.0,0,0.0,0.0,0.0
hocap__subject_2__20231022_200657__seg01,left,g07_3,351,27.635327635327634,0.0,22.62755323247719,9.422404624098773,97,27.635327635327634,24.105357405463476,2.195876288659794
hocap__subject_2__20231022_200657__seg01,right,g07_3,351,22.22222222222222,15.0997150997151,22.282891523360046,10.100342744688993,78,22.22222222222222,22.282891523360046,4.230769230769231
hocap__subject_2__20231022_200657__seg02,left,g07_1,549,2.73224043715847,0.0,8.284186688937238,3.841024393655199,15,2.73224043715847,8.284186688937238,1.6
hocap__subject_2__20231022_200657__seg02,right,g07_1,549,9.107468123861565,0.0,22.253049275785703,6.836082101425711,41,9.107468123861565,22.253049275785703,1.66
hocap__subject_2__20231022_201316__seg00,right,g05_4,190,57.89473684210527,0.0,13.648810002957477,6.525947982050434,45,57.89473684210527,13.648810002957477,1.481818181818182
hocap__subject_2__20231022_201316__seg01,right,g05_1,229,38.864628820960704,31.004366812227076,24.483842937835743,9.87619861053746,89,38.864628820960704,24.483842937835743,4.775280898876405
hocap__subject_2__20231022_201316__seg02,right,g05_3,189,6.349206349206349,0.0,13.219524679729506,5.02039213649732,11,6.349206349206349,13.219524679729506,1.25
hocap__subject_2__20231022_201316__seg03,right,g05_2,194,50.51546391752577,0.0,13.187064226361176,6.398490640460709,81,50.51546391752577,13.187064226361176,1.7448979591836735
hocap__subject_2__20231022_201449__seg00,left,g05_1,306,37.58169934640523,22.54901960784314,24.35808122149334,10.74402331848433,115,37.58169934640523,24.35808122149334,3.0782608695652174
hocap__subject_2__20231022_201449__seg00,right,g05_1,306,42.810457516339866,33.98692810457516,24.72674260779735,9.701843966200965,131,42.810457516339866,24.72674260779735,3.595419847328244
hocap__subject_2__20231022_201449__seg01,left,g05_2,663,13.273001508295627,0.0,12.349141567964134,6.0552624565006905,82,13.273001508295627,12.349141567964134,1.3295454545454546
hocap__subject_2__20231022_201449__seg01,right,g05_2,663,16.289592760180994,0.4524886877828055,7.549568581201776,3.684812927924005,104,16.289592760180994,7.549568581201776,1.4722222222222223
hocap__subject_2__20231022_201556__seg00,right,g05_2,285,88.42105263157895,45.614035087719294,26.293654354498738,9.50693430874233,248,88.42105263157895,26.293654354498738,4.123015873015873
hocap__subject_2__20231022_201556__seg01,right,g05_1,138,51.449275362318836,16.666666666666664,21.563055787840767,8.262244995428075,46,55.072463768115945,21.563055787840767,3.1447368421052633
hocap__subject_2__20231022_201556__seg02,right,g05_1,383,75.71801566579634,72.32375979112271,25.635425586770932,11.543826889586772,290,77.02349869451697,25.635425586770932,6.610169491525424
hocap__subject_2__20231022_201942__seg00,left,g06_3,429,67.13286713286713,11.421911421911423,25.383287184982326,11.764958155144667,183,70.3962703962704,25.383287184982326,2.9768211920529803
hocap__subject_2__20231022_201942__seg01,left,g06_4,493,19.47261663286004,2.434077079107505,18.45859567871448,6.470061762776702,43,20.689655172413794,19.07758094062854,3.107843137254902
hocap__subject_2__20231022_201942__seg02,left,g06_2,244,42.62295081967213,0.0,33.19045240736117,17.0947177967988,104,42.62295081967213,33.19045240736117,1.5769230769230769
hocap__subject_2__20231022_202115__seg00,left,g06_4,211,3.3175355450236967,0.0,9.429021583704156,5.160661326215364,7,5.687203791469194,10.519015727966503,1.8333333333333333
hocap__subject_2__20231022_202115__seg00,right,g06_4,211,1.4218009478672986,0.0,1.2383541286358755,0.7986853452015991,3,1.4218009478672986,1.2383541286358755,1.0
hocap__subject_2__20231022_202115__seg01,left,g06_1,292,45.89041095890411,3.4246575342465753,12.625374958298679,5.765880686618459,67,45.89041095890411,12.625374958298679,2.216417910447761
hocap__subject_2__20231022_202115__seg01,right,g06_1,292,45.89041095890411,0.0,12.957924251373544,6.2272311976654695,134,45.89041095890411,12.957924251373544,1.537313432835821
hocap__subject_2__20231022_202115__seg02,left,g06_1,368,0.0,0.0,0.0,0.0,0,0.0,0.0,0.0
hocap__subject_2__20231022_202115__seg02,right,g06_1,368,13.858695652173914,0.0,11.442315800545158,6.62225981648943,51,13.858695652173914,11.442315800545158,1.3529411764705883
hocap__subject_2__20231022_202115__seg04,left,g06_1,300,0.0,0.0,0.0,0.0,0,0.0,0.0,0.0
hocap__subject_2__20231022_202115__seg04,right,g06_1,300,0.0,0.0,0.0,0.0,0,0.0,0.0,0.0
hocap__subject_2__20231022_202617__seg00,right,g09_2,231,81.81818181818183,0.0,27.491184640203972,16.047345872210823,189,81.81818181818183,27.491184640203972,3.132275132275132
hocap__subject_2__20231022_202617__seg01,right,g09_3,228,50.43859649122807,8.333333333333332,18.9462718194071,7.884650679125018,115,50.43859649122807,18.9462718194071,2.121739130434783
hocap__subject_2__20231022_202617__seg02,right,g09_4,423,36.40661938534279,0.0,23.536868339037014,11.218843858229754,124,41.843971631205676,25.578439080721324,3.0508474576271185
hocap__subject_2__20231022_202617__seg03,right,g09_1,247,59.10931174089069,16.599190283400812,11.762586245866467,6.779176404220631,140,59.10931174089069,11.762586245866467,2.136986301369863
hocap__subject_2__20231022_203100__seg02,right,g09_4,248,77.41935483870968,0.0,3.713353502251557,2.0285729028626367,189,77.41935483870968,3.713353502251557,1.2135416666666667
hocap__subject_2__20231023_163929__seg00,right,g19_3,270,63.33333333333333,1.4814814814814816,15.487387824468927,7.038144227711049,171,63.33333333333333,15.487387824468927,1.9298245614035088
hocap__subject_2__20231023_163929__seg01,right,g19_1,248,78.2258064516129,0.0,22.130371055058887,14.462224281541749,185,80.64516129032258,22.130371055058887,4.83
hocap__subject_2__20231023_163929__seg02,right,g19_1,113,39.823008849557525,0.0,21.91720169941872,19.51796933288187,45,45.13274336283185,21.91720169941872,6.431372549019608
hocap__subject_2__20231023_163929__seg03,right,g19_4,175,0.0,0.0,0.0,0.0,0,0.0,0.0,0.0
hocap__subject_2__20231023_163929__seg04,right,g19_2,236,10.59322033898305,0.423728813559322,9.760994004742697,3.7157186351653504,22,27.54237288135593,10.411128924819176,1.9538461538461538
hocap__subject_2__20231023_164242__seg00,right,g19_1,484,71.69421487603306,13.429752066115702,21.008167433305008,9.610542658331108,345,71.69421487603306,21.008167433305008,2.6887608069164264
hocap__subject_2__20231023_164242__seg01,right,g19_1,448,0.0,0.0,0.0,0.0,0,0.0,0.0,0.0
hocap__subject_2__20231023_164242__seg02,right,g19_1,177,0.0,0.0,0.0,0.0,0,0.0,0.0,0.0
hocap__subject_2__20231023_164242__seg03,right,g19_2,105,0.0,0.0,0.0,0.0,0,0.0,0.0,0.0
hocap__subject_2__20231023_164242__seg04,right,g19_1,224,0.0,0.0,0.0,0.0,0,0.0,0.0,0.0
hocap__subject_2__20231023_164741__seg00,right,g22_3,419,81.38424821002387,49.40334128878281,21.118595257886792,11.230132754671521,341,81.38424821002387,21.118595257886792,3.3313782991202348
hocap__subject_2__20231023_164741__seg01,right,g22_2,503,79.12524850894633,65.8051689860835,18.18697369095443,5.7946115004742484,398,79.12524850894633,18.18697369095443,4.884422110552764
hocap__subject_2__20231023_170018__seg01,left,g10_1,819,17.94871794871795,0.0,24.12813658178038,11.794179543950847,143,17.94871794871795,24.12813658178038,1.9727891156462585
hocap__subject_2__20231023_170018__seg01,right,g10_1,819,22.58852258852259,8.18070818070818,24.568468269072522,14.697157394818438,185,23.565323565323563,24.568468269072522,4.191709844559585
hocap__subject_3__20231024_154531__seg00,right,g09_4,280,84.28571428571429,75.71428571428571,19.984945300585014,7.949349530280619,232,85.0,19.984945300585014,9.142857142857142
hocap__subject_3__20231024_154531__seg01,right,g09_2,312,77.24358974358975,0.0,21.63815064512494,8.177626481126275,239,78.2051282051282,22.43194330937838,2.7868852459016393
hocap__subject_3__20231024_154531__seg02,right,g09_1,339,39.233038348082594,0.0,11.376347613680531,4.489924266089482,68,39.823008849557525,11.376347613680531,1.9185185185185185
hocap__subject_3__20231024_154531__seg03,right,g09_1,323,0.0,0.0,0.0,0.0,0,0.0,0.0,0.0
hocap__subject_3__20231024_154810__seg00,right,g09_4,449,79.06458797327394,46.99331848552338,27.213137972392342,7.258405529571667,347,80.84632516703786,27.213137972392342,7.099173553719008
hocap__subject_3__20231024_154810__seg01,right,g09_2,276,85.86956521739131,35.869565217391305,16.921210404137344,5.334901702506593,237,85.86956521739131,22.37723990990141,5.375527426160337
hocap__subject_3__20231024_154810__seg02,right,g09_1,110,12.727272727272727,0.0,9.351591653408851,6.093196443891206,14,12.727272727272727,9.351591653408851,1.0
hocap__subject_3__20231024_155008__seg00,right,g10_3,221,46.60633484162896,0.0,9.035041265882404,2.3631101213659407,50,46.60633484162896,9.035041265882404,1.6796116504854368
hocap__subject_3__20231024_155008__seg01,right,g10_4,251,50.99601593625498,43.82470119521912,10.12646973458355,4.629849748447731,126,53.78486055776892,10.12646973458355,3.8740740740740742
hocap__subject_3__20231024_155008__seg02,right,g10_1,252,57.14285714285714,34.12698412698413,17.47666431347636,7.469318540505175,144,57.14285714285714,17.47666431347636,3.486111111111111
hocap__subject_3__20231024_155008__seg03,right,g10_2,208,64.42307692307693,0.0,20.16904223235589,13.954867355365048,134,64.42307692307693,20.16904223235589,1.9850746268656716
hocap__subject_3__20231024_161209__seg00,right,g16_1,266,63.90977443609023,59.3984962406015,28.642342430257454,13.988016799480002,170,63.90977443609023,28.642342430257454,6.5
hocap__subject_3__20231024_161209__seg01,right,g16_3,288,71.18055555555556,4.861111111111112,28.05525072804061,12.062293705122373,205,71.18055555555556,28.05525072804061,3.3024390243902437
hocap__subject_3__20231024_161306__seg00,left,g16_1,297,39.05723905723906,33.33333333333333,23.2136906281405,6.6316606150286255,116,39.05723905723906,23.2136906281405,5.336206896551724
hocap__subject_3__20231024_161306__seg00,right,g16_1,297,34.34343434343434,16.835016835016837,27.709415088391964,7.798234653283794,101,34.68013468013468,27.709415088391964,4.883495145631068
hocap__subject_3__20231024_161306__seg01,left,g16_2,355,0.0,0.0,0.0,0.0,0,0.0,0.0,0.0
hocap__subject_3__20231024_161306__seg01,right,g16_2,355,0.0,0.0,0.0,0.0,0,0.0,0.0,0.0
hocap__subject_3__20231024_161306__seg02,left,g16_4,316,38.607594936708864,0.0,17.490089035369817,6.99893839428173,122,38.607594936708864,17.490089035369817,2.5491803278688523
hocap__subject_3__20231024_161306__seg02,right,g16_4,316,22.78481012658228,2.2151898734177213,17.54051013832324,7.934258568493658,64,22.78481012658228,17.54051013832324,2.25
hocap__subject_3__20231024_161306__seg03,left,g16_2,259,42.084942084942085,3.474903474903475,17.57569144001307,6.229418420657551,109,42.084942084942085,17.57569144001307,2.4311926605504586
hocap__subject_3__20231024_161306__seg03,right,g16_2,259,38.22393822393823,10.038610038610038,17.737581351649354,4.684476198587354,61,38.22393822393823,17.737581351649354,3.292929292929293
hocap__subject_3__20231024_161937__seg02,right,g19_1,335,64.77611940298507,31.64179104477612,22.448109198621463,9.796921438329395,200,66.86567164179105,22.448109198621463,3.267857142857143
hocap__subject_3__20231024_161937__seg03,right,g19_3,287,0.0,0.0,0.0,0.0,0,0.0,0.0,0.0
hocap__subject_3__20231024_162028__seg00,left,g19_1,349,43.83954154727794,30.37249283667622,20.953278354938682,12.198623373623095,144,44.69914040114613,20.953278354938682,3.2756410256410255
hocap__subject_3__20231024_162028__seg00,right,g19_1,349,0.8595988538681949,0.0,0.09463090889569076,0.06171534464231973,3,0.8595988538681949,0.09463090889569076,1.0
hocap__subject_3__20231024_162028__seg01,left,g19_3,328,39.9390243902439,22.5609756097561,20.026971030878492,10.92803551522503,114,39.9390243902439,20.026971030878492,2.7404580152671754
hocap__subject_3__20231024_162028__seg01,right,g19_3,328,26.82926829268293,21.036585365853657,10.512352121755535,4.795168761017657,86,32.31707317073171,10.512352121755535,2.4716981132075473
hocap__subject_3__20231024_162327__seg00,right,g20_4,206,65.53398058252428,0.0,16.532159414971794,4.949827306564107,129,66.01941747572816,16.532159414971794,2.9779411764705883
hocap__subject_3__20231024_162327__seg01,right,g20_2,239,57.32217573221757,31.799163179916317,29.789847883323436,10.251466374340675,137,57.32217573221757,29.789847883323436,7.372262773722627
hocap__subject_3__20231024_162327__seg02,right,g20_1,213,62.441314553990615,50.70422535211267,29.299041344277224,11.495691968759226,130,62.91079812206573,29.299041344277224,6.388059701492537
hocap__subject_3__20231024_162327__seg03,right,g20_3,226,53.53982300884957,0.0,10.879121659560578,5.695371345956703,116,55.75221238938053,10.879121659560578,3.5238095238095237
hocap__subject_3__20231024_162409__seg00,left,g20_1,247,32.79352226720648,0.0,26.794300660105904,13.857246614798797,81,32.79352226720648,26.794300660105904,3.9135802469135803
hocap__subject_3__20231024_162409__seg00,right,g20_1,247,42.91497975708502,40.48582995951417,24.019313196226186,9.502558747580839,106,42.91497975708502,24.019313196226186,6.632075471698113
hocap__subject_3__20231024_162409__seg01,left,g20_3,284,29.225352112676056,23.239436619718308,25.787349822561122,9.516015219257806,83,30.633802816901408,25.787349822561122,4.712643678160919
hocap__subject_3__20231024_162409__seg01,right,g20_3,284,34.50704225352113,32.04225352112676,27.562894981465167,10.398475097032888,98,34.50704225352113,27.562894981465167,7.061224489795919
hocap__subject_3__20231024_162409__seg02,left,g20_4,283,26.855123674911663,0.0,16.78845565642626,6.623797159603141,73,26.855123674911663,16.78845565642626,1.736842105263158
hocap__subject_3__20231024_162409__seg02,right,g20_4,283,9.89399293286219,0.0,13.858794638388,3.313983165958744,28,9.89399293286219,13.858794638388,1.0
hocap__subject_3__20231024_162409__seg03,left,g20_2,300,41.0,3.0,16.599315711773183,4.3662694562534305,123,41.0,16.599315711773183,2.772357723577236
hocap__subject_3__20231024_162409__seg03,right,g20_2,300,39.33333333333333,32.33333333333333,29.69182973729106,9.388203772242273,118,39.33333333333333,29.69182973729106,7.008474576271187
hocap__subject_3__20231024_162756__seg00,right,g21_1,222,57.65765765765766,0.0,25.476569052637828,12.329526021874846,128,57.65765765765766,25.476569052637828,3.25
hocap__subject_3__20231024_162842__seg00,left,g21_1,244,35.24590163934426,5.327868852459016,26.28265978169837,7.900134507523927,85,35.24590163934426,26.28265978169837,2.802325581395349
hocap__subject_3__20231024_162842__seg00,right,g21_1,244,45.08196721311475,27.86885245901639,22.7465937140203,7.698882346241839,110,45.08196721311475,28.717112806415845,5.927272727272728
hocap__subject_3__20231024_162842__seg01,left,g21_3,256,27.34375,13.671875,8.562084247786506,3.3317730678011626,48,27.34375,8.562084247786506,2.1285714285714286
hocap__subject_3__20231024_162842__seg01,right,g21_3,256,0.0,0.0,0.0,0.0,0,0.0,0.0,0.0
hocap__subject_3__20231024_162842__seg02,left,g21_2,292,21.91780821917808,0.0,10.521999357026877,2.7436017748619155,49,21.91780821917808,10.521999357026877,1.359375
hocap__subject_3__20231024_162842__seg02,right,g21_2,292,34.24657534246575,11.301369863013697,13.433063646884612,6.697457309189523,98,35.61643835616438,13.433063646884612,3.0673076923076925
hocap__subject_3__20231024_162842__seg03,left,g21_4,193,42.487046632124354,13.471502590673575,9.775390425230764,3.4370234064926684,78,42.487046632124354,9.775390425230764,2.3658536585365852
hocap__subject_3__20231024_162842__seg03,right,g21_4,193,0.0,0.0,0.0,0.0,0,0.0,0.0,0.0
hocap__subject_4__20231026_162155__seg00,left,g11_4,293,5.460750853242321,0.0,6.34852070821931,3.207062708915253,16,9.215017064846416,7.069633372942701,1.8888888888888888
hocap__subject_4__20231026_162155__seg00,right,g11_4,293,2.04778156996587,0.0,6.9186981433618815,2.891750887860381,6,2.04778156996587,6.9186981433618815,1.1666666666666667
hocap__subject_4__20231026_162155__seg01,left,g11_1,317,33.4384858044164,6.624605678233439,14.3705021527268,6.297056225925193,69,33.4384858044164,14.3705021527268,2.5849056603773586
hocap__subject_4__20231026_162155__seg01,right,g11_1,317,41.32492113564668,1.2618296529968454,21.946031321624943,9.432622970739473,131,41.32492113564668,21.946031321624943,1.9465648854961832
hocap__subject_4__20231026_162155__seg02,left,g11_2,293,46.75767918088737,0.0,20.927107108137907,10.298784456344313,77,47.44027303754266,25.007634587578348,3.0215827338129495
hocap__subject_4__20231026_162155__seg02,right,g11_2,293,49.829351535836174,0.0,31.423903683367456,15.040798996971354,144,49.829351535836174,31.423903683367456,2.047945205479452
hocap__subject_4__20231026_162248__seg00,right,g11_2,336,79.46428571428571,63.39285714285714,35.40373840694054,13.47683151794885,267,79.46428571428571,35.40373840694054,5.775280898876405
hocap__subject_4__20231026_162248__seg01,right,g11_1,429,87.41258741258741,15.384615384615385,29.5867073734477,12.979429695958165,375,87.41258741258741,29.5867073734477,3.1546666666666665
hocap__subject_4__20231026_163223__seg00,right,g16_2,467,0.8565310492505354,0.0,12.16661459067764,7.237640084354401,3,1.070663811563169,12.16661459067764,1.0
hocap__subject_4__20231026_163223__seg01,right,g16_4,317,27.129337539432175,0.0,17.905077010725257,5.567076182389221,23,27.444794952681388,17.905077010725257,1.2988505747126438
hocap__subject_4__20231026_163223__seg02,right,g16_1,223,77.57847533632287,30.04484304932735,26.187412196930858,6.982516080803107,173,77.57847533632287,26.187412196930858,2.601156069364162
hocap__subject_4__20231026_164131__seg00,left,g20_1,1172,11.262798634812286,8.788395904436861,25.880690395040446,11.825694677809096,132,11.262798634812286,25.880690395040446,4.318181818181818
hocap__subject_4__20231026_164131__seg00,right,g20_1,1172,9.982935153583618,9.044368600682594,23.934160551799287,10.841182017895457,117,10.06825938566553,23.934160551799287,4.889830508474576
hocap__subject_4__20231026_164812__seg00,right,g21_1,237,81.85654008438819,39.24050632911392,29.74871608747048,13.6176177569654,183,82.27848101265823,29.74871608747048,4.112820512820512
hocap__subject_4__20231026_164812__seg01,right,g21_3,163,0.0,0.0,0.0,0.0,0,0.0,0.0,0.0
hocap__subject_4__20231026_164812__seg02,right,g21_2,513,14.619883040935672,0.0,9.731609855362487,3.0647382754777177,38,14.619883040935672,9.731609855362487,1.0
hocap__subject_4__20231026_164958__seg00,right,g21_1,382,78.79581151832461,61.25654450261781,27.371671657117194,15.129574588633815,301,78.79581151832461,27.371671657117194,4.820598006644518
hocap__subject_5__20231027_112303__seg00,right,g15_2,155,60.64516129032258,0.0,18.069832938218074,13.276368751342327,94,60.64516129032258,18.069832938218074,1.6914893617021276
hocap__subject_5__20231027_112303__seg01,right,g15_3,392,26.02040816326531,4.336734693877551,19.673769335950755,9.559938101510857,102,26.02040816326531,19.673769335950755,2.4019607843137254
hocap__subject_5__20231027_112303__seg02,right,g15_1,220,53.18181818181819,26.36363636363636,28.94515224780729,12.128425434521658,117,56.36363636363636,28.94515224780729,2.967741935483871
hocap__subject_5__20231027_113202__seg00,left,g18_1,210,47.14285714285714,40.95238095238095,33.91058207178814,18.346851336534716,99,47.14285714285714,35.091033667900945,10.333333333333334
hocap__subject_5__20231027_113202__seg00,right,g18_1,210,44.285714285714285,15.238095238095239,33.415374744602886,11.30607352091847,89,44.761904761904766,33.415374744602886,5.053191489361702
hocap__subject_5__20231027_113202__seg01,left,g18_2,261,28.735632183908045,1.9157088122605364,14.330187330719268,6.536373100805802,67,31.800766283524908,14.330187330719268,2.746987951807229
hocap__subject_5__20231027_113202__seg01,right,g18_2,261,23.371647509578544,2.681992337164751,14.00320193031894,4.922482676143447,49,23.371647509578544,14.00320193031894,2.2131147540983607
hocap__subject_5__20231027_113202__seg02,left,g18_2,253,2.371541501976284,0.0,14.324817314182466,9.768438824495847,5,2.371541501976284,14.324817314182466,1.5
hocap__subject_5__20231027_113202__seg02,right,g18_2,253,0.0,0.0,0.0,0.0,0,0.0,0.0,0.0
hocap__subject_5__20231027_113202__seg03,left,g18_3,230,0.0,0.0,0.0,0.0,0,0.0,0.0,0.0
hocap__subject_5__20231027_113202__seg03,right,g18_3,230,3.0434782608695654,0.0,14.77549157768053,8.958334070907537,4,3.0434782608695654,14.77549157768053,1.1428571428571428
hocap__subject_5__20231027_113535__seg00,left,g19_1,242,39.66942148760331,26.446280991735538,22.33330286802584,10.055677345414615,96,39.66942148760331,22.33330286802584,3.8020833333333335
hocap__subject_5__20231027_113535__seg00,right,g19_1,242,17.355371900826448,0.0,10.66874991217162,2.4772177687384214,38,39.66942148760331,13.441643795606065,1.8020833333333333
hocap__subject_5__20231027_113535__seg01,left,g19_4,237,37.130801687763714,5.063291139240507,14.359534149746324,6.645962917473882,88,51.0548523206751,14.359534149746324,3.793388429752066
hocap__subject_5__20231027_113535__seg01,right,g19_4,237,33.33333333333333,15.611814345991561,13.253963836545784,6.2842851548119905,73,33.33333333333333,13.253963836545784,5.848101265822785
hocap__subject_5__20231027_113535__seg03,left,g19_3,220,35.0,0.0,17.054866955400865,6.909568396172198,77,35.0,17.054866955400865,1.2597402597402598
hocap__subject_5__20231027_113535__seg03,right,g19_3,220,0.0,0.0,0.0,0.0,0,0.0,0.0,0.0
hocap__subject_6__20231025_110646__seg00,right,g05_4,220,22.727272727272727,1.3636363636363635,12.53505475580573,5.940723819210201,37,30.0,13.596612942861482,2.106060606060606
hocap__subject_6__20231025_110646__seg01,right,g05_1,316,57.27848101265823,7.9113924050632916,24.899344498550757,14.030245626159275,172,57.27848101265823,24.899344498550757,3.1988950276243093
hocap__subject_6__20231025_110646__seg02,right,g05_2,298,49.664429530201346,0.0,12.259623312126292,6.62137508608418,148,49.664429530201346,12.259623312126292,1.8783783783783783
hocap__subject_6__20231025_110646__seg03,right,g05_3,238,75.63025210084034,46.21848739495798,15.605592516049384,4.736520035597809,118,75.63025210084034,15.605592516049384,2.5166666666666666
hocap__subject_6__20231025_110808__seg00,left,g05_4,233,10.72961373390558,0.0,12.702173054758887,5.009129255819441,12,39.91416309012876,13.776354223222773,2.946236559139785
hocap__subject_6__20231025_110808__seg00,right,g05_4,233,24.034334763948497,3.862660944206009,13.123189040222426,4.9885456286106455,53,31.759656652360512,13.123189040222426,2.2837837837837838
hocap__subject_6__20231025_110808__seg01,left,g05_1,471,22.929936305732486,18.471337579617835,24.808836296795835,9.69660859493688,98,23.142250530785564,24.808836296795835,6.6422018348623855
hocap__subject_6__20231025_110808__seg01,right,g05_1,471,7.43099787685775,5.095541401273886,22.720323389482154,9.9399836322961,35,7.43099787685775,22.720323389482154,3.7714285714285714
hocap__subject_6__20231025_110808__seg02,left,g05_3,244,40.98360655737705,36.47540983606557,15.05046552076899,5.621667839970433,100,40.98360655737705,15.05046552076899,6.34
hocap__subject_6__20231025_110808__seg02,right,g05_3,244,34.42622950819672,0.0,5.768721240227118,2.004938098097373,68,34.42622950819672,5.768721240227118,1.4523809523809523
hocap__subject_6__20231025_110808__seg03,left,g05_1,418,0.0,0.0,0.0,0.0,0,0.0,0.0,0.0
hocap__subject_6__20231025_110808__seg03,right,g05_1,418,0.0,0.0,0.0,0.0,0,0.0,0.0,0.0
hocap__subject_6__20231025_111118__seg00,right,g06_4,237,5.9071729957805905,0.0,8.72298321883553,4.519151018766094,10,16.455696202531644,15.19164896316933,1.1794871794871795
hocap__subject_6__20231025_111118__seg01,right,g06_2,279,67.74193548387096,64.51612903225806,33.685722815431404,16.753990478670467,189,67.74193548387096,33.685722815431404,7.428571428571429
hocap__subject_6__20231025_111118__seg02,right,g06_3,285,58.59649122807018,42.80701754385965,23.72098852897689,11.593231230929668,157,58.59649122807018,23.72098852897689,4.377245508982036
hocap__subject_6__20231025_111118__seg03,right,g06_1,275,40.36363636363636,0.0,11.709035278210633,5.931514308822541,69,40.36363636363636,11.709035278210633,1.3243243243243243
hocap__subject_6__20231025_111357__seg00,right,g06_2,462,82.25108225108225,36.36363636363637,24.81237757276133,8.36495893381276,376,82.46753246753246,33.38372766323358,3.141732283464567
hocap__subject_6__20231025_111357__seg01,right,g06_3,474,77.21518987341773,43.24894514767932,23.177293672012077,8.575777332429407,366,77.42616033755274,23.177293672012077,6.1498637602179835
hocap__subject_6__20231025_111357__seg02,right,g06_4,115,18.26086956521739,7.82608695652174,9.844525006932814,3.0054574599650317,21,18.26086956521739,9.844525006932814,2.2857142857142856
hocap__subject_6__20231025_111357__seg03,right,g06_4,123,0.0,0.0,0.0,0.0,0,0.0,0.0,0.0
hocap__subject_6__20231025_111357__seg04,right,g06_4,114,0.0,0.0,0.0,0.0,0,0.0,0.0,0.0
hocap__subject_6__20231025_111357__seg05,right,g06_1,521,64.10748560460652,8.061420345489443,12.909333006644118,6.082458926684953,113,69.48176583493282,12.909333006644118,2.5552486187845305
hocap__subject_6__20231025_112229__seg00,left,g09_1,234,25.64102564102564,24.358974358974358,11.580463837905533,6.689502245564374,60,25.64102564102564,11.580463837905533,5.716666666666667
hocap__subject_6__20231025_112229__seg00,right,g09_1,234,34.18803418803419,4.700854700854701,9.714365285309773,3.6943527117520287,46,34.18803418803419,9.714365285309773,1.3
hocap__subject_6__20231025_112229__seg01,left,g09_3,257,32.68482490272373,5.447470817120623,20.471032105859813,9.780762052021132,84,32.68482490272373,20.471032105859813,3.488095238095238
hocap__subject_6__20231025_112229__seg01,right,g09_3,257,26.459143968871597,0.0,11.126040551334198,4.672591461623971,68,27.626459143968873,11.126040551334198,1.3380281690140845
hocap__subject_6__20231025_112229__seg02,left,g09_1,288,0.0,0.0,0.0,0.0,0,0.0,0.0,0.0
hocap__subject_6__20231025_112229__seg02,right,g09_1,288,0.0,0.0,0.0,0.0,0,0.0,0.0,0.0
hocap__subject_6__20231025_112229__seg03,left,g09_1,272,0.0,0.0,0.0,0.0,0,0.0,0.0,0.0
hocap__subject_6__20231025_112229__seg03,right,g09_1,272,0.0,0.0,0.0,0.0,0,0.0,0.0,0.0
hocap__subject_6__20231025_112332__seg00,right,g09_1,350,52.0,0.5714285714285714,8.02081570763018,2.232652449392588,53,52.0,8.02081570763018,1.1593406593406594
hocap__subject_6__20231025_112332__seg01,right,g09_3,552,50.54347826086957,0.7246376811594203,18.929012113733478,5.235138918539746,73,50.90579710144928,20.303943505850746,1.8398576512455516
hocap__subject_6__20231025_112332__seg02,right,g09_1,548,0.0,0.0,0.0,0.0,0,0.0,0.0,0.0
hocap__subject_6__20231025_112332__seg03,right,g09_2,129,20.155038759689923,0.0,1.6636047402623033,0.7209010355871741,23,52.71317829457365,5.977811244622224,1.6470588235294117
hocap__subject_6__20231025_112332__seg04,right,g09_1,540,0.0,0.0,0.0,0.0,0,0.0,0.0,0.0
hocap__subject_6__20231025_112546__seg00,right,g22_1,271,39.85239852398524,0.0,16.106626574296797,8.22879642754536,58,55.71955719557196,21.74494264098186,3.8211920529801326
hocap__subject_6__20231025_112546__seg01,right,g22_2,305,50.49180327868853,0.0,11.446045850676013,6.615272183657641,154,50.49180327868853,11.446045850676013,3.6233766233766236
hocap__subject_6__20231025_112546__seg02,right,g22_3,275,41.81818181818181,3.6363636363636362,6.575079102724816,3.6197860947369858,115,41.81818181818181,6.575079102724816,1.5913043478260869
hocap__subject_7__20231022_190534__seg00,left,g01_2,421,90.97387173396675,90.49881235154395,24.515861054904523,12.594764698663877,383,90.97387173396675,24.515861054904523,7.7441253263707575
hocap__subject_7__20231022_190534__seg01,left,g01_3,614,89.08794788273615,21.335504885993487,33.930605292110116,13.660910068109416,396,89.25081433224756,34.516075701325704,7.312043795620438
hocap__subject_7__20231022_192832__seg00,left,g04_1,406,85.71428571428571,0.24630541871921183,26.894319421365573,12.238812211736182,348,85.71428571428571,26.894319421365573,3.9655172413793105
hocap__subject_7__20231022_193506__seg00,right,g02_1,227,50.22026431718062,18.94273127753304,37.96461414886221,10.104517436501842,98,64.75770925110133,37.96461414886221,6.4353741496598635
hocap__subject_7__20231022_193506__seg01,right,g02_2,622,19.292604501607716,0.964630225080386,12.281200449572015,2.7149673226033495,91,34.08360128617363,22.647171393987644,2.509433962264151
hocap__subject_7__20231022_193506__seg02,right,g02_3,328,70.42682926829268,66.46341463414635,35.54557014011993,14.167808998933953,231,70.42682926829268,35.54557014011993,6.2813852813852815
hocap__subject_7__20231022_193630__seg00,left,g02_1,383,22.97650130548303,3.3942558746736298,24.838158906651092,8.955116376665705,84,22.97650130548303,24.838158906651092,2.8636363636363638
hocap__subject_7__20231022_193630__seg00,right,g02_1,383,51.958224543080945,17.75456919060052,29.65418715390571,8.695277005526865,103,51.958224543080945,29.65418715390571,2.236180904522613
hocap__subject_7__20231022_193630__seg01,left,g02_3,397,40.302267002518896,9.571788413098236,26.524515306858273,5.260272933825312,72,53.904282115869016,26.524515306858273,3.5700934579439254
hocap__subject_7__20231022_193630__seg01,right,g02_3,397,50.62972292191436,31.48614609571788,36.117969281448985,18.685122310905875,201,50.62972292191436,36.117969281448985,5.189054726368159
hocap__subject_7__20231022_193809__seg00,left,g02_1,554,82.49097472924187,61.91335740072203,35.123875657489954,14.160277302150892,448,82.67148014440433,35.123875657489954,5.141921397379913
hocap__subject_7__20231022_193809__seg01,left,g02_4,429,90.20979020979021,46.386946386946384,26.45863441831868,12.391492696794849,387,90.20979020979021,26.489001978872725,5.808785529715762
hocap__subject_7__20231023_162803__seg00,left,g18_1,279,68.45878136200717,66.66666666666666,32.75561680759307,13.580372458940788,191,68.45878136200717,32.75561680759307,8.193717277486911
hocap__subject_7__20231023_162803__seg01,left,g18_2,278,41.726618705035975,9.352517985611511,14.134391906171787,6.172318819544654,80,60.79136690647482,14.134391906171787,2.088757396449704
hocap__subject_7__20231023_162803__seg02,left,g18_4,256,55.46875,3.90625,28.473528460858805,11.80156706640074,142,55.46875,28.473528460858805,2.3732394366197185
hocap__subject_7__20231023_162803__seg03,left,g18_3,279,17.921146953405017,0.0,6.443850826170992,2.5661432226347225,24,17.921146953405017,6.443850826170992,1.18
hocap__subject_7__20231023_163653__seg00,left,g07_1,271,45.75645756457565,0.0,16.608002407197283,10.122104556610974,124,45.75645756457565,16.91974029225542,3.588709677419355
hocap__subject_7__20231023_163653__seg00,right,g07_1,271,89.66789667896678,0.0,22.58393475547637,8.581267760825417,240,89.66789667896678,22.58393475547637,3.921810699588477
hocap__subject_7__20231023_163653__seg01,left,g07_1,356,84.5505617977528,1.9662921348314606,21.621681955489038,8.710102876253089,165,85.95505617977528,22.495723265233103,3.522875816993464
hocap__subject_7__20231023_163653__seg01,right,g07_1,356,82.02247191011236,2.8089887640449436,21.06146987931423,6.431830618707312,92,91.85393258426966,22.69608851096741,4.015290519877676
hocap__subject_8__20231024_180111__seg00,left,g01_1,293,0.0,0.0,0.0,0.0,0,0.0,0.0,0.0
hocap__subject_8__20231024_180111__seg00,right,g01_1,293,0.0,0.0,0.0,0.0,0,0.0,0.0,0.0
hocap__subject_8__20231024_180111__seg01,left,g01_1,853,12.661195779601405,8.440797186400937,35.51804966183988,17.610459841396256,108,12.661195779601405,35.51804966183988,5.777777777777778
hocap__subject_8__20231024_180111__seg01,right,g01_1,853,12.543962485345839,0.0,23.35960435181833,6.054842047626164,62,12.543962485345839,23.35960435181833,1.6728971962616823
hocap__subject_8__20231024_180651__seg00,right,g06_4,246,32.926829268292686,0.0,15.549143323781038,5.252402452445243,43,39.83739837398374,15.549143323781038,1.5510204081632653
hocap__subject_8__20231024_180651__seg01,right,g06_1,505,25.742574257425744,17.425742574257423,11.10171937535801,5.825946017295971,106,25.742574257425744,11.10171937535801,3.7846153846153845
hocap__subject_8__20231024_180651__seg02,right,g06_2,294,68.70748299319727,62.925170068027214,24.680303445716692,8.936299409564613,202,68.70748299319727,24.680303445716692,4.846534653465347
hocap__subject_8__20231024_180733__seg00,left,g06_1,309,0.0,0.0,0.0,0.0,0,0.0,0.0,0.0
hocap__subject_8__20231024_180733__seg00,right,g06_1,309,0.0,0.0,0.0,0.0,0,0.0,0.0,0.0
hocap__subject_8__20231024_180733__seg01,left,g06_2,574,0.0,0.0,0.0,0.0,0,0.0,0.0,0.0
hocap__subject_8__20231024_180733__seg01,right,g06_2,574,2.7874564459930316,0.0,9.614057994161318,5.398962248845246,15,2.7874564459930316,9.614057994161318,1.6875
hocap__subject_8__20231024_180733__seg02,left,g06_1,298,0.0,0.0,0.0,0.0,0,0.0,0.0,0.0
hocap__subject_8__20231024_180733__seg02,right,g06_1,298,0.0,0.0,0.0,0.0,0,0.0,0.0,0.0
hocap__subject_8__20231024_181413__seg00,left,g11_4,279,6.451612903225806,0.0,5.682325839616748,0.9960445858705311,7,6.810035842293908,6.707046040199427,1.6842105263157894
hocap__subject_8__20231024_181413__seg00,right,g11_4,279,45.16129032258064,0.0,7.624218369859286,3.2452221970882658,102,45.878136200716845,7.624218369859286,1.7734375
hocap__subject_8__20231024_181413__seg01,left,g11_1,831,16.004813477737663,0.0,26.30663316563102,14.93466231307083,133,16.004813477737663,26.30663316563102,2.5488721804511276
hocap__subject_8__20231024_181413__seg01,right,g11_1,831,15.764139590854393,3.1287605294825513,21.23580235274323,7.987272771422696,98,15.764139590854393,21.23580235274323,1.7328244274809161
hocap__subject_9__20231027_123403__seg00,right,g07_4,197,8.121827411167512,0.0,10.01217025291037,5.016384946383588,10,18.781725888324875,10.603824748816304,1.1891891891891893
hocap__subject_9__20231027_123403__seg01,right,g07_1,219,54.794520547945204,0.0,25.75587123417607,13.452457706745413,120,54.794520547945204,25.75587123417607,2.6333333333333333
hocap__subject_9__20231027_123403__seg02,right,g07_3,219,49.31506849315068,0.0,18.203406264354875,8.519809491744706,107,49.31506849315068,18.203406264354875,2.5833333333333335
hocap__subject_9__20231027_123403__seg03,right,g07_1,227,0.0,0.0,0.0,0.0,0,0.0,0.0,0.0
hocap__subject_9__20231027_123725__seg00,right,g09_1,234,61.111111111111114,0.0,11.561411295790204,4.509037082160954,140,61.111111111111114,11.561411295790204,1.867132867132867
hocap__subject_9__20231027_123725__seg01,right,g09_3,286,2.097902097902098,0.0,0.9276834136205057,0.5259802636633935,6,2.097902097902098,0.9276834136205057,1.0
hocap__subject_9__20231027_123725__seg02,right,g09_4,268,57.46268656716418,47.38805970149254,20.803039172932287,9.397076822327415,154,57.46268656716418,20.803039172932287,4.538961038961039
hocap__subject_9__20231027_123725__seg03,right,g09_2,273,46.15384615384615,0.0,24.229142044333067,5.975635555283783,119,57.87545787545788,25.14950874591744,5.9113924050632916
hocap__subject_9__20231027_123814__seg00,left,g09_2,316,44.620253164556964,34.177215189873415,18.032657706036858,6.377643389307751,139,44.620253164556964,18.032657706036858,3.8652482269503547
hocap__subject_9__20231027_123814__seg00,right,g09_2,316,47.46835443037975,19.936708860759495,22.540674192058194,8.668228074091852,150,47.46835443037975,22.540674192058194,3.9066666666666667
hocap__subject_9__20231027_123814__seg01,left,g09_4,345,39.42028985507247,4.3478260869565215,26.6701031516549,13.972307217675937,136,39.42028985507247,26.6701031516549,3.7573529411764706
hocap__subject_9__20231027_123814__seg01,right,g09_4,345,36.52173913043478,0.0,22.405147204905482,10.86478129118357,64,39.710144927536234,22.405147204905482,1.2043795620437956
hocap__subject_9__20231027_123814__seg03,left,g09_2,302,0.0,0.0,0.0,0.0,0,0.0,0.0,0.0
hocap__subject_9__20231027_123814__seg03,right,g09_2,302,0.0,0.0,0.0,0.0,0,0.0,0.0,0.0
hocap__subject_9__20231027_124057__seg00,right,g11_4,272,25.0,0.0,5.900869188241673,2.0555937750100024,39,25.0,5.900869188241673,1.0
hocap__subject_9__20231027_124057__seg01,right,g11_1,253,60.86956521739131,0.0,21.125839290512634,12.146496370721769,153,60.86956521739131,21.125839290512634,1.2792207792207793
hocap__subject_9__20231027_124057__seg02,right,g11_2,274,60.94890510948905,52.55474452554745,37.469787834334106,17.67362870547893,166,60.94890510948905,37.469787834334106,3.6467065868263475
hocap__subject_9__20231027_124057__seg03,right,g11_3,244,54.91803278688525,43.0327868852459,27.06800402415781,11.417604394232113,134,54.91803278688525,27.06800402415781,4.664179104477612
hocap__subject_9__20231027_124926__seg00,left,g16_3,317,33.12302839116719,26.498422712933756,16.271698215964044,7.374583614372677,105,34.70031545741325,16.271698215964044,3.2
hocap__subject_9__20231027_124926__seg00,right,g16_3,317,42.586750788643535,0.0,22.72088821675579,14.207011108127066,96,42.90220820189275,22.72088821675579,1.1911764705882353
hocap__subject_9__20231027_124926__seg02,left,g16_2,280,36.42857142857142,8.571428571428571,16.995904632939073,6.630259012557768,82,38.57142857142858,16.995904632939073,2.0
hocap__subject_9__20231027_124926__seg02,right,g16_2,280,23.92857142857143,0.0,11.697980821214388,4.036182403024281,42,23.92857142857143,11.697980821214388,1.492537313432836
hocap__subject_9__20231027_124926__seg03,left,g16_1,308,45.77922077922078,37.98701298701299,33.18088292451193,11.819547003328527,141,45.77922077922078,33.18088292451193,4.1063829787234045
hocap__subject_9__20231027_124926__seg03,right,g16_1,308,34.74025974025974,2.5974025974025974,30.597432052310857,11.619278027521256,102,34.74025974025974,30.597432052310857,2.1682242990654204
hocap__subject_9__20231027_125019__seg00,right,g16_2,330,69.6969696969697,2.4242424242424243,13.382659303835228,4.128771522606434,230,69.6969696969697,13.382659303835228,1.7043478260869565
hocap__subject_9__20231027_125019__seg02,right,g16_3,301,54.15282392026578,12.956810631229235,24.375438623714427,7.4693647915570205,163,54.15282392026578,24.375438623714427,3.2515337423312882
hocap__subject_9__20231027_125019__seg03,right,g16_1,377,71.3527851458886,16.445623342175068,33.27761181538083,16.731663582774786,269,71.3527851458886,33.295841825705395,4.052044609665428
hocap__subject_9__20231027_125315__seg00,right,g21_3,230,26.521739130434785,0.0,5.835454056742572,1.7490910405950546,28,56.52173913043478,5.835454056742572,1.1307692307692307
hocap__subject_9__20231027_125315__seg01,right,g21_4,228,0.0,0.0,0.0,0.0,0,0.0,0.0,0.0
hocap__subject_9__20231027_125315__seg02,right,g21_2,225,60.44444444444444,0.0,12.874791744609084,7.247348435988621,136,60.44444444444444,12.874791744609084,1.0
hocap__subject_9__20231027_125315__seg03,right,g21_1,239,73.64016736401673,69.4560669456067,28.819019722314163,13.994126544525722,176,73.64016736401673,31.75709915931424,6.698863636363637
